commodity,date,open,high,low,close,change,change_percent,weight_price,turnover_volume,turnover_value,open_interest,delivery_side,delivery_volume
AG9999,2017-12-28,3806.0,3806.0,3806.0,3806.0,40.0,0.0106,3806.0,600.0,2283600.0,40.0,,
AG9999,2017-12-27,3766.0,3766.0,3766.0,3766.0,6.0,0.0016,3766.0,270.0,1016820.0,18.0,,
AG9999,2017-12-26,3760.0,3760.0,3760.0,3760.0,54.0,0.0146,3760.0,6030.0,22672800.0,402.0,,
AG9999,2017-12-22,3706.0,3706.0,3706.0,3706.0,-4.0,-0.0011,3706.0,450.0,1667700.0,30.0,,
AG9999,2017-12-21,3710.0,3710.0,3710.0,3710.0,0.0,0.0,3710.0,210.0,779100.0,14.0,,
AG9999,2017-12-20,3710.0,3710.0,3710.0,3710.0,-10.0,-0.0027,3710.0,480.0,1780800.0,32.0,,
AG9999,2017-12-19,3720.0,3720.0,3720.0,3720.0,12.0,0.0032,3720.0,210.0,781200.0,14.0,,
AG9999,2017-12-18,3708.0,3708.0,3708.0,3708.0,3.0,0.0008,3708.0,6450.0,23916600.0,430.0,,
AG9999,2017-12-14,3705.0,3705.0,3705.0,3705.0,73.0,0.0201,3705.0,1110.0,4112550.0,74.0,,
AG9999,2017-12-13,3632.0,3632.0,3632.0,3632.0,-4.0,-0.0011,3632.0,6690.0,24298080.0,446.0,,
AG9999,2017-12-12,3636.0,3636.0,3636.0,3636.0,-8.0,-0.0022,3636.0,2100.0,7635600.0,140.0,,
AG9999,2017-12-11,3643.0,3649.0,3643.0,3644.0,16.0,0.0044,3644.0,9840.0,35864400.0,656.0,,
AG9999,2017-12-08,3628.0,3628.0,3628.0,3628.0,-75.0,-0.0203,3628.0,4830.0,17523240.0,322.0,,
AG9999,2017-12-06,3703.0,3703.0,3703.0,3703.0,-45.0,-0.012,3703.0,6000.0,22218000.0,400.0,,
AG9999,2017-12-04,3748.0,3748.0,3748.0,3748.0,-7.0,-0.0019,3748.0,270.0,1011960.0,18.0,,
AG9999,2017-12-01,3755.0,3755.0,3755.0,3755.0,-38.0,-0.01,3755.0,900.0,3379500.0,60.0,,
AG9999,2017-11-30,3793.0,3793.0,3793.0,3793.0,-57.0,-0.0148,3793.0,720.0,2730960.0,48.0,,
AG9999,2017-11-29,3850.0,3850.0,3850.0,3850.0,-26.0,-0.0067,3850.0,6120.0,23562000.0,408.0,,
AG9999,2017-11-28,3876.0,3876.0,3876.0,3876.0,-1.0,-0.0003,3876.0,1200.0,4651200.0,80.0,,
AG9999,2017-11-24,3990.0,3990.0,3875.0,3878.0,3.0,0.0008,3877.0,43290.0,167863980.0,2886.0,,
AG9999,2017-11-22,3900.0,3900.0,3875.0,3875.0,5.0,0.0013,3875.0,6030.0,23367000.0,402.0,,
AG9999,2017-11-21,3870.0,3870.0,3870.0,3870.0,-60.0,-0.0153,3870.0,6120.0,23684400.0,408.0,,
AG9999,2017-11-16,3930.0,3930.0,3930.0,3930.0,55.0,0.0142,3930.0,60.0,235800.0,4.0,,
AG9999,2017-11-15,3945.0,3945.0,3875.0,3875.0,3.0,0.0008,3875.0,6030.0,23368350.0,402.0,,
AG9999,2017-11-14,3872.0,3872.0,3872.0,3872.0,-78.0,-0.0197,3872.0,1410.0,5459520.0,94.0,,
AG9999,2017-11-13,3950.0,3950.0,3950.0,3950.0,82.0,0.0212,3950.0,60.0,237000.0,4.0,,
AG9999,2017-11-10,3868.0,3868.0,3868.0,3868.0,-27.0,-0.0069,3868.0,870.0,3365160.0,58.0,,
AG9999,2017-11-08,3990.0,3990.0,3890.0,3895.0,32.0,0.0083,3895.0,1020.0,3973800.0,68.0,,
AG9999,2017-11-07,3860.0,3864.0,3860.0,3863.0,8.0,0.0021,3863.0,10440.0,40339920.0,696.0,,
AG9999,2017-11-06,3855.0,3855.0,3855.0,3855.0,-13.0,-0.0034,3855.0,510.0,1966050.0,34.0,,
AG9999,2017-11-03,3868.0,3868.0,3868.0,3868.0,9.0,0.0023,3868.0,600.0,2320800.0,40.0,,
AG9999,2017-11-02,3859.0,3859.0,3859.0,3859.0,19.0,0.0049,3859.0,750.0,2894250.0,50.0,,
AG9999,2017-11-01,3840.0,3840.0,3840.0,3840.0,0.0,0.0,3840.0,3000.0,11520000.0,200.0,,
AG9999,2017-10-31,3840.0,3840.0,3840.0,3840.0,0.0,0.0,3840.0,9660.0,37094400.0,644.0,,
AG9999,2017-10-30,3840.0,3840.0,3840.0,3840.0,-33.0,-0.0085,3840.0,51600.0,198144000.0,3440.0,,
AG9999,2017-10-26,3876.0,3876.0,3873.0,3873.0,5.0,0.0013,3873.0,13950.0,54039150.0,930.0,,
AG9999,2017-10-25,3868.0,3868.0,3868.0,3868.0,-8.0,-0.0021,3868.0,3780.0,14621040.0,252.0,,
AG9999,2017-10-19,3876.0,3876.0,3876.0,3876.0,-9.0,-0.0023,3876.0,2400.0,9302400.0,160.0,,
AG9999,2017-10-17,3889.0,3889.0,3875.0,3885.0,-1.0,-0.0003,3885.0,1800.0,6994320.0,120.0,,
AG9999,2017-10-12,3895.0,3900.0,3879.0,3888.0,18.0,0.0047,3886.0,38100.0,148075650.0,2540.0,,
AG9999,2017-10-11,3870.0,3870.0,3870.0,3870.0,-5.0,-0.0013,3870.0,330.0,1277100.0,22.0,,
AG9999,2017-10-10,3875.0,3875.0,3875.0,3875.0,2.0,0.0005,3875.0,270.0,1046250.0,18.0,,
AG9999,2017-10-09,3880.0,3880.0,3860.0,3873.0,-42.0,-0.0107,3873.0,2940.0,11387250.0,196.0,,
AG9999,2017-09-14,3915.0,3915.0,3915.0,3915.0,-21.0,-0.0053,3915.0,960.0,3758400.0,64.0,,
AG9999,2017-09-13,3936.0,3936.0,3936.0,3936.0,-45.0,-0.0113,3936.0,1800.0,7084800.0,120.0,,
AG9999,2017-09-08,3985.0,3985.0,3978.0,3981.0,6.0,0.0015,3981.0,4320.0,17200080.0,288.0,,
AG9999,2017-09-07,3975.0,3975.0,3975.0,3975.0,69.0,0.0177,3975.0,3420.0,13594500.0,228.0,,
IAU100G,2017-09-05,275.0,275.0,275.0,275.0,-0.2,-0.0007,275.0,0.0,110000.0,,,
AG9999,2017-08-24,3906.0,3906.0,3906.0,3906.0,3.0,0.0008,3906.0,3000.0,11718000.0,200.0,,
IAU100G,2017-08-22,275.2,275.2,275.2,275.2,3.2,0.0118,275.2,0.0,110080.0,,,
AG9999,2017-08-22,3903.0,3903.0,3903.0,3903.0,35.0,0.009,3903.0,1800.0,7025400.0,120.0,,
IAU100G,2017-08-15,272.0,272.0,272.0,272.0,0.2,0.0007,272.0,0.0,54400.0,,,
AG9999,2017-08-15,3872.0,3872.0,3865.0,3868.0,-42.0,-0.0107,3868.0,1230.0,4758660.0,82.0,,
AG9999,2017-08-11,3910.0,3910.0,3910.0,3910.0,126.0,0.0333,3910.0,3000.0,11730000.0,200.0,,
AG9999,2017-08-09,3784.0,3790.0,3784.0,3784.0,42.0,0.0112,3784.0,3030.0,11465700.0,202.0,,
IAU100G,2017-08-07,271.8,271.8,271.8,271.8,0.95,0.0035,271.8,1.0,163080.0,,,
AG9999,2017-08-07,3744.0,3744.0,3740.0,3742.0,-75.0,-0.0196,3742.0,4530.0,16951800.0,302.0,,
AG9999,2017-08-03,3817.0,3817.0,3817.0,3817.0,-19.0,-0.005,3817.0,3000.0,11451000.0,200.0,,
IAU100G,2017-08-02,,,,,,,,0.0,0.0,,,
AG9999,2017-08-02,,,,,,,,0.0,0.0,0.0,,
AG9999,2017-08-01,3834.0,3841.0,3834.0,3836.0,18.0,0.0047,3836.0,4800.0,18415800.0,320.0,,
IAU100G,2017-07-31,270.85,270.85,270.85,270.85,0.0,0.0,270.85,0.0,54170.0,,,
AG9999,2017-07-28,3818.0,3818.0,3818.0,3818.0,48.0,0.0127,3818.0,3420.0,13057560.0,228.0,,
AG9999,2017-07-26,3770.0,3770.0,3770.0,3770.0,-86.0,-0.0223,3770.0,3000.0,11310000.0,200.0,,
AG9999,2017-07-25,3792.0,3996.0,3792.0,3856.0,64.0,0.0169,3856.0,7800.0,30079200.0,520.0,,
AG9999,2017-07-21,3792.0,3792.0,3792.0,3792.0,34.0,0.009,3792.0,6000.0,22752000.0,400.0,,
AG9999,2017-07-20,3765.0,3765.0,3758.0,3758.0,3.0,0.0008,3758.0,1830.0,6877350.0,122.0,,
AG9999,2017-07-18,3755.0,3755.0,3755.0,3755.0,75.0,0.0204,3755.0,1800.0,6759000.0,120.0,,
AG9999,2017-07-14,3680.0,3680.0,3680.0,3680.0,27.0,0.0074,3680.0,900.0,3312000.0,60.0,,
AG9999,2017-07-11,3653.0,3653.0,3653.0,3653.0,28.0,0.0077,3653.0,60.0,219180.0,4.0,,
AG9999,2017-07-10,3625.0,3625.0,3625.0,3625.0,-183.0,-0.0481,3625.0,60.0,217500.0,4.0,,
IAU100G,2017-07-04,270.85,270.85,270.85,270.85,-0.65,-0.0024,270.85,1.0,162510.0,,,
AG9999,2017-07-04,3808.0,3808.0,3808.0,3808.0,-97.0,-0.0248,3808.0,60.0,228480.0,4.0,,
AG9999,2017-07-03,3905.0,3915.0,3905.0,3905.0,-46.0,-0.0116,3905.0,3030.0,11832450.0,202.0,,
AG9999,2017-06-28,3952.0,3952.0,3950.0,3950.0,5.0,0.0013,3951.0,16200.0,64006800.0,1080.0,,
AG9999,2017-06-26,3945.0,3945.0,3945.0,3945.0,15.0,0.0038,3945.0,1200.0,4734000.0,80.0,,
AG9999,2017-06-16,3930.0,3930.0,3930.0,3930.0,-41.0,-0.0103,3930.0,60.0,235800.0,4.0,,
AG9999,2017-06-15,3972.0,3972.0,3944.0,3971.0,16.0,0.004,3971.0,3630.0,14417520.0,242.0,,
AG9999,2017-06-14,3955.0,3955.0,3955.0,3955.0,15.0,0.0038,3955.0,30.0,118650.0,2.0,,
AG9999,2017-06-13,3940.0,3940.0,3940.0,3940.0,-99.0,-0.0245,3940.0,30.0,118200.0,2.0,,
AG9999,2017-06-12,4099.0,4099.0,3980.0,4039.0,43.0,0.0108,4039.0,120.0,484740.0,8.0,,
IAU100G,2017-06-09,271.0,272.0,271.0,271.5,2.75,0.0102,271.5,0.0,108600.0,,,
AG9999,2017-06-09,3996.0,3996.0,3996.0,3996.0,-56.0,-0.0138,3996.0,3240.0,12947040.0,216.0,,
AG9999,2017-06-08,4052.0,4052.0,4052.0,4052.0,-8.0,-0.002,4052.0,2040.0,8266080.0,136.0,,
AG9999,2017-06-07,4060.0,4060.0,4060.0,4060.0,20.0,0.005,4060.0,2100.0,8526000.0,140.0,,
AG9999,2017-06-06,4040.0,4040.0,4040.0,4040.0,41.0,0.0103,4040.0,3060.0,12362400.0,204.0,,
AG9999,2017-05-31,3998.0,4000.0,3998.0,3999.0,1.0,0.0003,3999.0,6000.0,23998800.0,400.0,,
AG9999,2017-05-26,3995.0,4005.0,3995.0,3998.0,56.0,0.0142,3998.0,8670.0,34663350.0,578.0,,
IAU100G,2017-05-16,267.5,270.0,267.5,268.75,8.75,0.0337,268.75,0.0,107500.0,,,
IAU100G,2017-05-12,260.0,260.0,260.0,260.0,-16.0,-0.058,260.0,0.0,52000.0,,,
AG9999,2017-05-12,3942.0,3942.0,3942.0,3942.0,56.0,0.0144,3942.0,240.0,946080.0,16.0,,
AG9999,2017-05-10,3888.0,3888.0,3886.0,3886.0,-30.0,,3886.0,3030.0,11774640.0,202.0,,
AG9999,2017-05-09,3916.0,3916.0,3916.0,3916.0,-4.0,,3916.0,60.0,234960.0,4.0,,
AG9999,2017-05-05,3920.0,3920.0,3920.0,3920.0,0.0,0.0,3920.0,60.0,235200.0,4.0,,
AG9999,2017-05-04,3920.0,3920.0,3920.0,3920.0,-105.0,,3920.0,900.0,3528000.0,60.0,,
AG9999,2017-05-03,4025.0,4025.0,4025.0,4025.0,-86.0,-0.0209,4025.0,60.0,241500.0,4.0,,
AG9999,2017-04-26,4115.0,4115.0,4108.0,4108.0,-105.0,-0.0249,4111.0,12420.0,51068760.0,828.0,,
IAU100G,2017-04-20,276.0,276.0,276.0,276.0,16.0,0.0615,276.0,0.0,55200.0,,,
AG9999,2017-04-14,4212.0,4214.0,4212.0,4213.0,-2.0,-0.0005,4213.0,4500.0,18960000.0,300.0,,
IAU100G,2017-04-07,260.0,260.0,260.0,260.0,-11.0,-0.0406,260.0,0.0,52000.0,,,
AG9999,2017-04-07,4215.0,4215.0,4215.0,4215.0,75.0,0.0181,4215.0,2700.0,11380500.0,180.0,,
AG9999,2017-03-30,4140.0,4140.0,4140.0,4140.0,0.0,0.0,4140.0,30.0,124200.0,2.0,,
AG9999,2017-03-29,4140.0,4140.0,4140.0,4140.0,-11.0,-0.0027,4140.0,2520.0,10432800.0,168.0,,
AG9999,2017-03-28,4151.0,4151.0,4151.0,4151.0,74.0,0.0182,4151.0,30.0,124530.0,2.0,,
IAU100G,2017-03-22,271.0,271.0,271.0,271.0,1.84,0.0068,271.0,0.0,54200.0,,,
AG9999,2017-03-21,4077.0,4077.0,4077.0,4077.0,-23.0,-0.0056,4077.0,1200.0,4892400.0,80.0,,
AG9999,2017-03-20,4100.0,4100.0,4100.0,4100.0,105.0,0.0263,4100.0,30.0,123000.0,2.0,,
IAU100G,2017-03-17,269.5,269.5,269.0,269.16,-0.34,-0.0013,269.16,1.0,161500.0,,,
AG9999,2017-03-14,3995.0,3995.0,3995.0,3995.0,-10.0,-0.0025,3995.0,60.0,239700.0,4.0,,
AG9999,2017-03-13,4005.0,4005.0,4005.0,4005.0,32.0,0.0081,4005.0,150.0,600750.0,10.0,,
IAU100G,2017-03-10,269.5,269.5,269.5,269.5,-6.5,-0.0236,269.5,0.0,53900.0,,,
AG9999,2017-03-10,3973.0,3973.0,3973.0,3973.0,-43.0,-0.0107,3973.0,30.0,119190.0,2.0,,
AG9999,2017-03-09,4016.0,4016.0,4016.0,4016.0,-54.0,-0.0133,4016.0,60.0,240960.0,4.0,,
AG9999,2017-03-08,4070.0,4070.0,4070.0,4070.0,-23.0,-0.0056,4070.0,30.0,122100.0,2.0,,
AG9999,2017-03-07,4093.0,4093.0,4093.0,4093.0,-10.0,-0.0024,4093.0,60.0,245580.0,4.0,,
AG9999,2017-03-06,4103.0,4103.0,4103.0,4103.0,-106.0,-0.0252,4103.0,60.0,246180.0,4.0,,
AG9999,2017-03-01,4209.0,4209.0,4209.0,4209.0,-59.0,-0.0138,4209.0,2520.0,10606680.0,168.0,,
IAU100G,2017-02-27,276.0,276.0,276.0,276.0,3.0,0.011,276.0,0.0,55200.0,,,
AG9999,2017-02-27,4268.0,4268.0,4268.0,4268.0,128.0,0.0309,4268.0,60.0,256080.0,4.0,,
AG9999,2017-02-23,4140.0,4140.0,4140.0,4140.0,-5.0,-0.0012,4140.0,30.0,124200.0,2.0,,
AG9999,2017-02-22,4145.0,4145.0,4145.0,4145.0,-1.0,-0.0002,4145.0,90.0,373050.0,6.0,,
IAU100G,2017-02-20,273.0,273.0,273.0,273.0,27.99,0.1142,273.0,0.0,54600.0,,,
AG9999,2017-02-20,4125.0,4125.0,4125.0,4125.0,-15.0,-0.0036,4125.0,6120.0,25245000.0,408.0,,
AG9999,2017-02-14,4140.0,4140.0,4140.0,4140.0,-1.0,-0.0002,4140.0,90.0,372600.0,6.0,,
AG9999,2017-02-13,4141.0,4145.0,4140.0,4141.0,51.0,0.0125,4141.0,21060.0,87215700.0,1404.0,,
AG9999,2017-02-09,4090.0,4090.0,4090.0,4090.0,9.0,0.0022,4090.0,150.0,613500.0,10.0,,
AG9999,2017-02-08,4098.0,4098.0,4080.0,4080.0,-5.0,-0.0012,4081.0,12000.0,48975540.0,800.0,,
AG9999,2017-02-07,4085.0,4085.0,4085.0,4085.0,65.0,0.0162,4085.0,60.0,245100.0,4.0,,
IAU100G,2017-01-26,245.01,245.01,245.01,245.01,-20.99,-0.0789,245.01,0.0,49002.0,,,
AG9999,2017-01-19,4020.0,4020.0,4020.0,4020.0,-20.0,-0.005,4020.0,30.0,120600.0,2.0,,
AG9999,2017-01-16,4040.0,4040.0,4040.0,4040.0,25.0,0.0062,4040.0,1500.0,6060000.0,100.0,,
IAU100G,2017-01-13,266.0,266.0,266.0,266.0,-16.0,-0.0567,266.0,0.0,53200.0,,,
AG9999,2017-01-13,4015.0,4015.0,4015.0,4015.0,-23.0,-0.0057,4015.0,60.0,240900.0,4.0,,
AG9999,2017-01-12,4038.0,4038.0,4038.0,4038.0,-30.0,-0.0074,4038.0,60.0,242280.0,4.0,,
AG9999,2017-01-11,4078.0,4078.0,4065.0,4068.0,48.0,0.0119,4068.0,1860.0,7567140.0,124.0,,
AG9999,2017-01-10,4020.0,4020.0,4020.0,4020.0,25.0,0.0063,4020.0,180.0,723600.0,12.0,,
AG9999,2017-01-09,3995.0,4000.0,3995.0,3995.0,-2.0,-0.0005,3995.0,1950.0,7790400.0,130.0,,
AG9999,2017-01-06,3998.0,3998.0,3975.0,3997.0,-45.0,-0.0111,3997.0,6030.0,24107250.0,402.0,,
AG9999,2017-01-05,4027.0,4058.0,4027.0,4042.0,26.0,0.0065,4042.0,60.0,242550.0,4.0,,
AG9999,2017-01-04,4018.0,4018.0,4016.0,4016.0,38.0,0.0096,4016.0,6030.0,24220980.0,402.0,,
AG9999,2017-01-03,3978.0,3978.0,3978.0,3978.0,10.0,0.0025,3978.0,1320.0,5250960.0,88.0,,
AG9999,2016-12-29,3968.0,3968.0,3968.0,3968.0,38.0,0.0097,3968.0,600.0,2380800.0,40.0,,
AG9999,2016-12-26,3950.0,3950.0,3900.0,3930.0,24.0,0.0061,3930.0,90.0,353700.0,6.0,,
AG9999,2016-12-23,3906.0,3906.0,3906.0,3906.0,23.0,0.0059,3906.0,300.0,1171800.0,20.0,,
AG9999,2016-12-22,3883.0,3883.0,3883.0,3883.0,-49.0,-0.0125,3883.0,1170.0,4543110.0,78.0,,
AG9999,2016-12-21,3932.0,3932.0,3932.0,3932.0,-24.0,-0.0061,3932.0,1620.0,6369840.0,108.0,,
AG9999,2016-12-20,3956.0,3956.0,3956.0,3956.0,-43.0,-0.0108,1920.0,7595520.0,128.0,,,
AG9999,2016-12-19,3999.0,3999.0,3999.0,3999.0,7.0,0.0018,3999.0,1920.0,7678080.0,128.0,,
AG9999,2016-12-16,3996.0,3996.0,3992.0,3992.0,-101.0,-0.0247,3992.0,2280.0,9102960.0,152.0,,
AG9999,2016-12-15,4093.0,4100.0,4093.0,4093.0,-30.0,-0.0073,4093.0,1950.0,7982610.0,130.0,,
AG9999,2016-12-13,4127.0,4127.0,4120.0,4123.0,88.0,0.0218,4123.0,12000.0,49476000.0,800.0,,
IAU100G,2016-12-07,282.0,282.0,282.0,282.0,0.0,0.0,282.0,0.0,56400.0,,,
AG9999,2016-12-07,4035.0,4035.0,4035.0,4035.0,-5.0,-0.0012,4035.0,2340.0,9441900.0,156.0,,
AG9999,2016-12-05,4040.0,4040.0,4040.0,4040.0,21.0,0.0052,4040.0,6270.0,25330800.0,418.0,,
AG9999,2016-12-02,4020.0,4020.0,4000.0,4019.0,28.0,0.007,4019.0,2460.0,9888000.0,164.0,,
AG9999,2016-12-01,3980.0,4010.0,3980.0,3997.0,-68.0,-0.0167,3991.0,24060.0,96024600.0,1604.0,,
AG9999,2016-11-28,4065.0,4065.0,4065.0,4065.0,99.0,0.025,4065.0,1980.0,8048700.0,132.0,,
AG9999,2016-11-25,3966.0,3975.0,3966.0,3966.0,-28.0,-0.007,3966.0,2100.0,8329680.0,140.0,,
AG9999,2016-11-24,3995.0,3995.0,3994.0,3995.0,-53.0,-0.0131,3994.0,43260.0,172805700.0,2884.0,,
AG9999,2016-11-23,4048.0,4048.0,4048.0,4048.0,60.0,0.0151,4048.0,450.0,1821600.0,30.0,,
AG9999,2016-11-21,3988.0,3988.0,3988.0,3988.0,25.0,0.0063,3988.0,9210.0,36729480.0,614.0,,
AG9999,2016-11-18,3963.0,3963.0,3963.0,3963.0,-47.0,-0.0117,3963.0,1620.0,6420060.0,108.0,,
AG9999,2016-11-15,4010.0,4010.0,4010.0,4010.0,13.0,0.0033,4010.0,4860.0,19488600.0,324.0,,
AG9999,2016-11-14,3996.0,3998.0,3996.0,3997.0,-253.0,-0.0595,3997.0,2100.0,8394600.0,140.0,,
AG9999,2016-11-11,4250.0,4250.0,4250.0,4250.0,17.0,0.004,4250.0,2970.0,12622500.0,198.0,,
IAU100G,2016-11-10,282.0,282.0,282.0,282.0,1.75,0.0062,282.0,2.0,564000.0,,,
AG9999,2016-11-10,4233.0,4233.0,4233.0,4233.0,-15.0,-0.0035,4233.0,1230.0,5206590.0,82.0,,
IAU100G,2016-11-09,278.0,285.0,278.0,280.25,2.25,0.0081,280.25,1.0,224200.0,,,
AG9999,2016-11-09,4248.0,4248.0,4248.0,4248.0,152.0,0.0371,4248.0,270.0,1146960.0,18.0,,
AG9999,2016-11-08,4095.0,4120.0,4090.0,4107.0,-33.0,-0.008,4096.0,60720.0,248739480.0,4048.0,,
IAU100G,2016-11-03,278.0,278.0,278.0,278.0,0.0,0.0,278.0,1.0,166800.0,,,
IAU100G,2016-11-02,278.0,278.0,278.0,278.0,37.0,0.1535,278.0,0.0,55600.0,,,
AG9999,2016-11-02,4140.0,4140.0,4140.0,4140.0,74.0,0.0182,4140.0,1980.0,8197200.0,132.0,,
AG9999,2016-11-01,4066.0,4066.0,4066.0,4066.0,38.0,0.0094,4066.0,1260.0,5123160.0,84.0,,
IAU100G,2016-10-31,241.0,241.0,241.0,241.0,-34.0,-0.1236,241.0,0.0,48200.0,,,
AG9999,2016-10-28,4028.0,4028.0,4028.0,4028.0,8.0,0.002,4028.0,270.0,1087560.0,18.0,,
AG9999,2016-10-27,4020.0,4020.0,4020.0,4020.0,-27.0,-0.0067,4020.0,210.0,844200.0,14.0,,
IAU100G,2016-10-26,275.0,275.0,275.0,275.0,25.0,0.1,275.0,0.0,55000.0,,,
AG9999,2016-10-26,4055.0,4055.0,4040.0,4047.0,77.0,0.0194,4047.0,5520.0,22341600.0,368.0,,
AG9999,2016-10-21,3970.0,3970.0,3970.0,3970.0,-46.0,-0.0115,3970.0,10020.0,39779400.0,668.0,,
AG9999,2016-10-20,4016.0,4018.0,4016.0,4016.0,18.0,0.0045,4016.0,10020.0,40246320.0,668.0,,
AG9999,2016-10-19,3998.0,4000.0,3998.0,3998.0,48.0,0.0122,3998.0,12000.0,47982000.0,800.0,,
IAU100G,2016-10-17,250.0,250.0,250.0,250.0,-11.18,-0.0428,250.0,0.0,50000.0,,,
AG9999,2016-10-11,3948.0,3990.0,3948.0,3950.0,-394.0,-0.0907,3950.0,5190.0,20502060.0,346.0,,
AG9999,2016-09-23,4345.0,4345.0,4342.0,4344.0,-8.0,-0.0018,4344.0,45660.0,198382800.0,3044.0,,
AG9999,2016-09-22,4345.0,4360.0,4345.0,4352.0,143.0,0.034,4352.0,1080.0,4700700.0,72.0,,
AG9999,2016-09-19,4209.0,4209.0,4209.0,4209.0,29.0,0.0069,4209.0,1500.0,6313500.0,100.0,,
AG9999,2016-09-14,4180.0,4180.0,4180.0,4180.0,-70.0,-0.0165,4180.0,240.0,1003200.0,16.0,,
AG9999,2016-09-13,4250.0,4250.0,4250.0,4250.0,66.0,0.0158,4250.0,30.0,127500.0,2.0,,
AG9999,2016-09-12,4200.0,4200.0,4182.0,4184.0,-125.0,-0.029,4184.0,1410.0,5900400.0,94.0,,
AG9999,2016-09-09,4312.0,4312.0,4306.0,4309.0,-46.0,-0.0106,4309.0,300.0,1292700.0,20.0,,
AG9999,2016-09-08,4355.0,4355.0,4355.0,4355.0,72.0,0.0168,4355.0,120.0,522600.0,8.0,,
AG9999,2016-09-06,4273.0,4285.0,4273.0,4283.0,23.0,0.0054,4283.0,1770.0,7581510.0,118.0,,
AG9999,2016-09-05,4260.0,4260.0,4260.0,4260.0,151.0,0.0368,4260.0,210.0,894600.0,14.0,,
IAU100G,2016-09-02,282.36,282.36,240.0,261.18,-21.35,-0.0756,261.18,0.0,104472.0,,,
AG9999,2016-09-01,4110.0,4110.0,4107.0,4109.0,49.0,0.0121,4109.0,1350.0,5548050.0,90.0,,
AG9999,2016-08-29,4060.0,4060.0,4060.0,4060.0,-28.0,-0.0069,4060.0,60.0,243600.0,4.0,,
IAU100G,2016-08-26,280.0,283.8,280.0,282.53,25.53,0.0993,282.53,1.0,169520.0,,,
AG9999,2016-08-26,4088.0,4088.0,4088.0,4088.0,6.0,0.0015,4088.0,150.0,613200.0,10.0,,
AG9999,2016-08-25,4082.0,4082.0,4082.0,4082.0,-80.0,-0.0192,4082.0,150.0,612300.0,10.0,,
AG9999,2016-08-24,4162.0,4162.0,4162.0,4162.0,-38.0,-0.0091,4162.0,150.0,624300.0,10.0,,
AG9999,2016-08-22,4218.0,4218.0,4182.0,4200.0,-100.0,-0.0233,4200.0,600.0,2520000.0,40.0,,
AG9999,2016-08-19,4300.0,4300.0,4300.0,4300.0,-8.0,-0.0019,4300.0,1800.0,7740000.0,120.0,,
IAU100G,2016-08-18,257.0,257.0,257.0,257.0,-28.0,-0.0983,257.0,0.0,51400.0,,,
AG9999,2016-08-15,4308.0,4308.0,4308.0,4308.0,-50.0,-0.0115,4308.0,300.0,1292400.0,20.0,,
IAU100G,2016-08-12,285.0,285.0,285.0,285.0,2.34,0.0083,285.0,0.0,57000.0,,,
AG9999,2016-08-11,4358.0,4358.0,4358.0,4358.0,33.0,0.0076,4358.0,1200.0,5229600.0,80.0,,
AG9999,2016-08-10,4325.0,4325.0,4325.0,4325.0,13.0,0.003,4325.0,150.0,648750.0,10.0,,
AG9999,2016-08-09,4340.0,4340.0,4285.0,4312.0,-31.0,-0.0071,4312.0,6300.0,27169500.0,420.0,,
AG9999,2016-08-08,4343.0,4343.0,4343.0,4343.0,-86.0,-0.0194,4343.0,4500.0,19543500.0,300.0,,
AG9999,2016-08-05,4429.0,4429.0,4429.0,4429.0,39.0,0.0089,4429.0,30.0,132870.0,2.0,,
AG9999,2016-08-04,4390.0,4390.0,4390.0,4390.0,-110.0,-0.0244,4390.0,390.0,1712100.0,26.0,,
AG9999,2016-08-03,4500.0,4500.0,4500.0,4500.0,80.0,0.0181,4500.0,30.0,135000.0,2.0,,
AG9999,2016-08-01,4420.0,4420.0,4420.0,4420.0,0.0,0.0,4420.0,240.0,1060800.0,16.0,,
AG9999,2016-07-28,4420.0,4420.0,4420.0,4420.0,170.0,0.04,4420.0,3000.0,13260000.0,200.0,,
IAU100G,2016-07-26,282.0,283.0,282.0,282.66,0.6,0.0021,282.66,1.0,169600.0,,,
AG9999,2016-07-26,4260.0,4265.0,4155.0,4237.0,3.0,0.0007,4250.0,25350.0,107739750.0,1690.0,,
AG9999,2016-07-25,4234.0,4234.0,4234.0,4234.0,-49.0,-0.0114,4234.0,3930.0,16639620.0,262.0,,
IAU100G,2016-07-22,282.2,282.2,282.0,282.06,-1.94,-0.0068,282.06,1.0,169240.0,,,
AG9999,2016-07-22,4290.0,4290.0,4275.0,4275.0,76.0,0.0181,4283.0,11400.0,48836700.0,760.0,,
IAU100G,2016-07-21,284.0,284.0,284.0,284.0,-6.0,-0.0207,284.0,0.0,56800.0,,,
AG9999,2016-07-21,4194.0,4210.0,4190.0,4200.0,-108.0,-0.0251,4199.0,15240.0,63999600.0,1016.0,,
AG9999,2016-07-20,4308.0,4308.0,4308.0,4308.0,-3.0,-0.0007,4308.0,1800.0,7754400.0,120.0,,
AG9999,2016-07-18,4370.0,4370.0,4300.0,4311.0,-92.0,-0.0209,4311.0,2370.0,10219200.0,158.0,,
AG9999,2016-07-15,4403.0,4403.0,4403.0,4403.0,215.0,0.0513,4403.0,1380.0,6076140.0,92.0,,
AG9999,2016-07-14,4188.0,4188.0,4188.0,4188.0,380.0,0.0998,4188.0,30.0,125640.0,2.0,,
IAU100G,2016-07-06,287.0,290.0,287.0,290.0,24.9,0.0939,289.45,3.0,810472.0,,,
IAU100G,2016-07-05,265.1,265.1,265.1,265.1,-12.8,-0.0461,265.1,0.0,53020.0,,,
IAU100G,2016-07-04,277.98,278.0,275.0,277.9,0.61,0.0022,277.49,3.0,832494.0,,,
IAU100G,2016-07-01,267.0,277.7,266.66,277.29,16.99,0.0653,275.68,3.0,716772.0,,,
IAU100G,2016-06-30,260.3,260.3,260.3,260.3,-10.45,-0.0386,260.3,1.0,312360.0,,,
AG9999,2016-06-28,3808.0,3814.0,3808.0,3809.0,85.0,0.0228,3808.0,13560.0,51645840.0,904.0,,
IAU100G,2016-06-27,270.0,272.0,265.0,270.75,-0.52,-0.0019,269.66,2.0,647200.0,,,
IAU100G,2016-06-24,269.7,277.0,269.7,271.27,5.27,0.0198,271.27,1.0,271272.0,,,
IAU100G,2016-06-23,266.0,266.0,266.0,266.0,-2.0,-0.0075,266.0,0.0,53200.0,,,
AG9999,2016-06-23,3724.0,3724.0,3724.0,3724.0,-37.0,-0.0098,3724.0,30.0,111720.0,2.0,,
IAU100G,2016-06-22,268.0,268.0,268.0,268.0,4.51,0.0171,268.0,0.0,53600.0,,,
AG9999,2016-06-21,3761.0,3761.0,3761.0,3761.0,21.0,0.0056,3761.0,1620.0,6092820.0,108.0,,
AG9999,2016-06-20,3740.0,3740.0,3740.0,3740.0,2.0,0.0005,3740.0,420.0,1570800.0,28.0,,
AG9999,2016-06-17,3744.0,3744.0,3720.0,3738.0,-18.0,-0.0048,3738.0,630.0,2355300.0,42.0,,
IAU100G,2016-06-16,255.0,266.0,255.0,263.49,-1.51,-0.0057,263.49,1.0,316196.0,,,
IAU100G,2016-06-15,265.0,265.0,265.0,265.0,10.0,0.0392,265.0,0.0,53000.0,,,
AG9999,2016-06-15,3755.0,3763.0,3755.0,3756.0,24.0,0.0064,3756.0,210.0,788790.0,14.0,,
AG9999,2016-06-13,3735.0,3735.0,3730.0,3730.0,173.0,0.0486,3732.0,10710.0,39978300.0,714.0,,
AG9999,2016-06-06,3525.0,3560.0,3525.0,3558.0,71.0,0.0204,3557.0,2160.0,7683300.0,144.0,,
AG9999,2016-05-30,3500.0,3500.0,3475.0,3487.0,-57.0,-0.0161,3487.0,600.0,2092500.0,40.0,,
AG9999,2016-05-24,3544.0,3544.0,3544.0,3544.0,-47.0,-0.0131,3544.0,300.0,1063200.0,20.0,,
AG9999,2016-05-20,3605.0,3605.0,3589.0,3591.0,-59.0,-0.0162,3591.0,210.0,754170.0,14.0,,
AG9999,2016-05-19,3660.0,3660.0,3605.0,3650.0,-73.0,-0.0196,3650.0,180.0,657150.0,12.0,,
AG9999,2016-05-18,3710.0,3760.0,3679.0,3690.0,-26.0,-0.007,3723.0,40260.0,149906880.0,2684.0,,
AG9999,2016-05-13,3665.0,3665.0,3665.0,3665.0,-50.0,-0.0135,3665.0,150.0,549750.0,10.0,,
AG9999,2016-05-12,3715.0,3715.0,3715.0,3715.0,35.0,0.0095,3715.0,360.0,1337400.0,24.0,,
AG9999,2016-05-11,3681.0,3681.0,3679.0,3680.0,35.0,0.0096,3680.0,2400.0,8833920.0,160.0,,
AG9999,2016-05-10,3640.0,3655.0,3626.0,3646.0,-91.0,-0.0244,3645.0,4860.0,17717220.0,324.0,,
AG9999,2016-05-09,3733.0,3739.0,3733.0,3737.0,17.0,0.0046,3737.0,6000.0,22424280.0,400.0,,
AG9999,2016-05-06,3710.0,3721.0,3710.0,3720.0,-24.0,-0.0064,3720.0,480.0,1785750.0,32.0,,
AG9999,2016-05-05,3744.0,3744.0,3744.0,3744.0,39.0,0.0105,3744.0,720.0,2695680.0,48.0,,
AG9999,2016-04-28,3708.0,3708.0,3660.0,3705.0,-13.0,-0.0035,3705.0,2310.0,8559660.0,154.0,,
IAU100G,2016-04-27,255.0,255.0,255.0,255.0,0.11,0.0004,255.0,0.0,51000.0,,,
AG9999,2016-04-27,3718.0,3718.0,3718.0,3718.0,118.0,0.0328,3718.0,3600.0,13384800.0,240.0,,
AG9999,2016-04-26,3600.0,3600.0,3600.0,3600.0,-48.0,-0.0132,3600.0,30.0,108000.0,2.0,,
AG9999,2016-04-20,3648.0,3648.0,3648.0,3648.0,178.0,0.0513,3648.0,420.0,1532160.0,28.0,,
AG9999,2016-04-19,3480.0,3480.0,3460.0,3460.0,-27.0,-0.008,3470.0,1800.0,6246060.0,120.0,,
IAU100G,2016-04-18,254.99,255.0,254.8,254.89,10.87,0.0446,254.89,1.0,203918.0,,,
AG9999,2016-04-18,3454.0,3500.0,3450.0,3489.0,38.0,0.011,3487.0,9000.0,31383690.0,600.0,,
AG9999,2016-04-15,3397.0,3469.0,3396.0,3454.0,21.0,0.0061,3451.0,6360.0,21950040.0,424.0,,
IAU100G,2016-04-14,244.02,244.02,244.02,244.02,-11.9,-0.0465,244.02,1.0,195216.0,,,
AG9999,2016-04-14,3437.0,3437.0,3425.0,3433.0,8.0,0.0023,3433.0,6810.0,23384370.0,454.0,,
AG9999,2016-04-13,3373.0,3431.0,3373.0,3429.0,56.0,0.0166,3425.0,3360.0,11509680.0,224.0,,
AG9999,2016-04-11,3373.0,3373.0,3373.0,3373.0,35.0,0.0105,3373.0,1800.0,6071400.0,120.0,,
AG9999,2016-04-07,3334.0,3340.0,3330.0,3338.0,4.0,0.0012,3338.0,6540.0,21834000.0,436.0,,
AG9999,2016-04-06,3333.0,3339.0,3330.0,3334.0,-10.0,-0.003,3334.0,10500.0,35015580.0,700.0,,
AG9999,2016-04-05,3365.0,3365.0,3317.0,3344.0,-21.0,-0.0062,3344.0,4080.0,13645230.0,272.0,,
AG9999,2016-04-01,3365.0,3365.0,3365.0,3365.0,15.0,0.0045,3365.0,1350.0,4542750.0,90.0,,
AG9999,2016-03-31,3350.0,3350.0,3350.0,3350.0,2.0,0.0006,3350.0,570.0,1909500.0,38.0,,
AG9999,2016-03-28,3348.0,3348.0,3348.0,3348.0,-17.0,-0.0051,3348.0,30.0,100440.0,2.0,,
AG9999,2016-03-24,3365.0,3365.0,3365.0,3365.0,-69.0,-0.0201,3365.0,90.0,302850.0,6.0,,
IAU100G,2016-03-23,248.28,261.0,248.28,255.92,8.92,0.0361,255.92,1.0,153556.0,,,
AG9999,2016-03-23,3423.0,3439.0,3423.0,3434.0,18.0,0.0053,3434.0,6000.0,20609160.0,400.0,,
AG9999,2016-03-22,3416.0,3438.0,3416.0,3416.0,6.0,0.0018,3416.0,2070.0,7073100.0,138.0,,
IAU100G,2016-03-21,247.0,247.0,247.0,247.0,0.95,0.0039,247.0,0.0,49400.0,,,
AG9999,2016-03-21,3415.0,3415.0,3410.0,3410.0,-44.0,-0.0127,3410.0,570.0,1943850.0,38.0,,
AG9999,2016-03-18,3454.0,3454.0,3454.0,3454.0,118.0,0.0354,3454.0,570.0,1968780.0,38.0,,
IAU100G,2016-03-17,241.03,251.08,241.03,246.05,-14.95,-0.0573,246.05,0.0,98422.0,,,
AG9999,2016-03-16,3336.0,3336.0,3336.0,3336.0,-13.0,-0.0039,3336.0,30.0,100080.0,2.0,,
AG9999,2016-03-15,3355.0,3355.0,3343.0,3349.0,-26.0,-0.0077,3349.0,90.0,301440.0,6.0,,
AG9999,2016-03-14,3375.0,3375.0,3375.0,3375.0,11.0,0.0033,3375.0,1200.0,4050000.0,80.0,,
AG9999,2016-03-11,3369.0,3381.0,3345.0,3377.0,38.0,0.0114,3364.0,4440.0,14939010.0,296.0,,
AG9999,2016-03-10,3340.0,3340.0,3338.0,3339.0,0.0,0.0,3339.0,1200.0,4007040.0,80.0,,
IAU100G,2016-03-09,261.0,261.01,261.0,261.0,1.0,0.0039,261.0,1.0,313210.0,,,
AG9999,2016-03-09,3365.0,3365.0,3320.0,3339.0,-66.0,-0.0194,3339.0,9990.0,33365310.0,666.0,,
IAU100G,2016-03-08,260.0,260.0,260.0,260.0,0.27,0.001,260.0,1.0,156000.0,,,
AG9999,2016-03-08,3474.0,3479.0,3382.0,3397.0,-14.0,-0.0041,3405.0,14640.0,49861230.0,976.0,,
IAU100G,2016-03-07,258.1,260.49,258.1,259.73,7.53,0.03,258.79,2.0,621106.0,,,
AG9999,2016-03-07,3401.0,3418.0,3401.0,3410.0,122.0,0.04,3411.0,27150.0,92615130.0,1810.0,,
AG9999,2016-03-03,3288.0,3288.0,3288.0,3288.0,15.0,0.0046,3288.0,900.0,2959200.0,60.0,,
AG9999,2016-03-02,3275.0,3275.0,3272.0,3273.0,-28.0,-0.0085,3273.0,90.0,294570.0,6.0,,
AG9999,2016-03-01,3300.0,3305.0,3294.0,3301.0,-8.0,-0.0024,3301.0,9630.0,31794900.0,642.0,,
AG9999,2016-02-29,3345.0,3345.0,3274.0,3309.0,-54.0,-0.0161,3309.0,60.0,198570.0,4.0,,
IAU100G,2016-02-26,252.0,253.0,252.0,252.2,0.32,0.0,252.2,1.0,252200.0,,,
AG9999,2016-02-26,3368.0,3368.0,3359.0,3363.0,-20.0,-0.0059,3363.0,60.0,201810.0,4.0,,
IAU100G,2016-02-25,250.0,255.0,250.0,251.88,7.88,0.03,252.08,2.0,605014.0,,,
AG9999,2016-02-25,3380.0,3389.0,3369.0,3371.0,-9.0,0.0,3383.0,14430.0,48822330.0,962.0,,
IAU100G,2016-02-24,244.0,244.0,244.0,244.0,2.0,0.0083,244.0,0.0,48800.0,,,
AG9999,2016-02-24,3380.0,3380.0,3380.0,3380.0,-29.0,-0.0085,3380.0,30.0,101400.0,2.0,,
AG9999,2016-02-23,3414.0,3414.0,3370.0,3391.0,-50.0,-0.0145,3409.0,16830.0,57382050.0,1122.0,,
IAU100G,2016-02-18,242.0,242.0,242.0,242.0,0.44,0.0018,242.0,0.0,48400.0,,,
IAU100G,2016-02-15,240.88,241.9,240.88,241.56,1.56,0.0065,241.56,1.0,144936.0,,,
AG9999,2016-02-15,3398.0,3450.0,3398.0,3441.0,206.0,0.0637,3441.0,6000.0,20651880.0,400.0,,
IAU100G,2016-02-04,240.0,240.0,240.0,240.0,7.0,0.03,240.0,0.0,96000.0,,,
IAU100G,2016-01-22,233.0,233.0,233.0,233.0,3.02,0.0131,233.0,0.0,93200.0,,,
AG9999,2016-01-22,3235.0,3235.0,3235.0,3235.0,-34.0,-0.0104,3235.0,30.0,97050.0,2.0,,
AG9999,2016-01-21,3260.0,3274.0,3260.0,3269.0,26.0,0.008,3269.0,7200.0,23538300.0,480.0,,
AG9999,2016-01-19,3220.0,3245.0,3220.0,3243.0,-8.0,-0.0025,3243.0,390.0,1264800.0,26.0,,
AG9999,2016-01-18,3240.0,3254.0,3240.0,3251.0,51.0,0.0159,3251.0,12000.0,39013500.0,800.0,,
AG9999,2016-01-13,3200.0,3200.0,3200.0,3200.0,-28.0,-0.0087,3200.0,30.0,96000.0,2.0,,
AG9999,2016-01-12,3240.0,3240.0,3210.0,3211.0,-73.0,-0.0222,3228.0,5010.0,16174500.0,334.0,,
AG9999,2016-01-11,3275.0,3295.0,3270.0,3284.0,-6.0,-0.0018,3284.0,6660.0,21873750.0,444.0,,
AG9999,2016-01-08,3304.0,3304.0,3270.0,3290.0,41.0,0.0126,3290.0,4950.0,16288500.0,330.0,,
IAU100G,2016-01-07,229.98,229.98,229.98,229.98,6.47,0.029,229.98,0.0,45996.0,,,
AG9999,2016-01-06,3250.0,3280.0,3213.0,3213.0,-37.0,-0.0114,3249.0,23700.0,77005470.0,1580.0,,
IAU100G,2016-01-05,223.51,223.51,223.51,223.51,-0.39,-0.0017,223.51,0.0,44702.0,,,
AG9999,2016-01-05,3245.0,3253.0,3245.0,3250.0,22.0,0.0068,3250.0,4500.0,14626500.0,300.0,,
AG9999,2016-01-04,3228.0,3228.0,3228.0,3228.0,113.0,0.0363,3228.0,3000.0,9684000.0,200.0,,
AG9999,2015-12-29,3115.0,3115.0,3115.0,3115.0,-137.0,-0.0421,3115.0,30.0,93450.0,2.0,,
IAU100G,2015-12-24,223.9,223.9,223.9,223.9,1.39,0.0063,223.9,0.0,44780.0,,,
AG9999,2015-12-22,3245.0,3274.0,3125.0,3223.0,49.0,0.0154,3252.0,24330.0,79145250.0,1622.0,,
AG9999,2015-12-18,3175.0,3175.0,3165.0,3174.0,-21.0,-0.0066,3174.0,19800.0,62857800.0,1320.0,,
AG9999,2015-12-17,3195.0,3195.0,3195.0,3195.0,35.0,0.0111,3195.0,18000.0,57510000.0,1200.0,,
AG9999,2015-12-16,3180.0,3180.0,3070.0,3154.0,-31.0,-0.0097,3160.0,7830.0,24743100.0,522.0,,
IAU100G,2015-12-15,222.5,222.52,222.5,222.51,7.51,0.0349,222.51,0.0,89004.0,,,
AG9999,2015-12-15,3185.0,3185.0,3185.0,3185.0,-10.0,-0.0031,3185.0,390.0,1242150.0,26.0,,
IAU100G,2015-12-14,215.0,215.0,215.0,215.0,-1.0,-0.0046,215.0,0.0,43000.0,,,
AG9999,2015-12-14,3195.0,3195.0,3195.0,3195.0,5.0,0.0016,3195.0,600.0,1917000.0,40.0,,
IAU100G,2015-12-11,215.01,217.0,215.01,216.0,-1.33,-0.0061,216.0,0.0,86402.0,,,
AG9999,2015-12-11,3190.0,3190.0,3190.0,3190.0,-8.0,-0.0025,3190.0,7950.0,25360500.0,530.0,,
AG9999,2015-12-10,3198.0,3198.0,3198.0,3198.0,-2.0,-0.0006,3198.0,9330.0,29837340.0,622.0,,
AG9999,2015-12-09,3200.0,3200.0,3200.0,3200.0,5.0,0.0016,3200.0,10500.0,33600000.0,700.0,,
AG9999,2015-12-08,3230.0,3230.0,3195.0,3195.0,-68.0,-0.0208,3195.0,20040.0,64038900.0,1336.0,,
AG9999,2015-12-07,3250.0,3269.0,3250.0,3263.0,80.0,0.0251,3263.0,8010.0,26137290.0,534.0,,
AG9999,2015-12-04,3183.0,3183.0,3183.0,3183.0,28.0,0.0089,3183.0,690.0,2196270.0,46.0,,
IAU100G,2015-12-03,218.0,218.0,216.0,217.33,0.33,0.0015,217.33,1.0,130400.0,,,
AG9999,2015-12-03,3155.0,3155.0,3155.0,3155.0,-56.0,-0.0174,3155.0,540.0,1703700.0,36.0,,
AG9999,2015-12-02,3200.0,3240.0,3180.0,3182.0,-10.0,-0.0031,3211.0,33060.0,106178220.0,2204.0,,
IAU100G,2015-12-01,217.0,217.0,217.0,217.0,0.0,0.0,217.0,0.0,43400.0,,,
AG9999,2015-12-01,3185.0,3209.0,3163.0,3175.0,6.0,0.0019,3192.0,43020.0,137334360.0,2868.0,,
IAU100G,2015-11-30,217.0,217.0,217.0,217.0,-5.0,-0.0225,217.0,2.0,347200.0,,,
AG9999,2015-11-30,3169.0,3169.0,3169.0,3169.0,-21.0,-0.0066,3169.0,30.0,95070.0,2.0,,
IAU100G,2015-11-27,222.0,222.0,222.0,222.0,-4.5,-0.0199,222.0,0.0,44400.0,,,
AG9999,2015-11-27,3190.0,3190.0,3190.0,3190.0,-3.0,-0.0009,3190.0,1620.0,5167800.0,108.0,,
AG9999,2015-11-26,3203.0,3203.0,3118.0,3193.0,11.0,0.0035,3193.0,510.0,1628430.0,34.0,,
AG9999,2015-11-24,3190.0,3190.0,3182.0,3182.0,-63.0,-0.0194,3182.0,2550.0,8114340.0,170.0,,
AG9999,2015-11-20,3245.0,3245.0,3245.0,3245.0,-3.0,-0.0009,3245.0,1200.0,3894000.0,80.0,,
AG9999,2015-11-19,3215.0,3254.0,3215.0,3230.0,-20.0,-0.0062,3248.0,11880.0,38596350.0,792.0,,
AG9999,2015-11-18,3230.0,3270.0,3225.0,3225.0,-25.0,-0.0077,3250.0,23040.0,74897010.0,1536.0,,
AG9999,2015-11-17,3285.0,3285.0,3222.0,3236.0,-51.0,-0.0155,3250.0,18510.0,60163800.0,1234.0,,
AG9999,2015-11-16,3285.0,3289.0,3285.0,3287.0,27.0,0.0083,3287.0,4500.0,14794500.0,300.0,,
AG9999,2015-11-13,3255.0,3264.0,3255.0,3260.0,10.0,0.0031,3260.0,6150.0,20051100.0,410.0,,
AG9999,2015-11-12,3250.0,3250.0,3250.0,3250.0,-21.0,-0.0064,3250.0,30.0,97500.0,2.0,,
AG9999,2015-11-11,3227.0,3289.0,3227.0,3265.0,-19.0,-0.0058,3271.0,22350.0,73120740.0,1490.0,,
IAU100G,2015-11-10,226.5,226.5,226.5,226.5,-2.0,-0.0088,226.5,0.0,45300.0,,,
AG9999,2015-11-10,3285.0,3285.0,3260.0,3284.0,-1.0,-0.0003,3284.0,3060.0,10050750.0,204.0,,
AG9999,2015-11-09,3285.0,3285.0,3285.0,3285.0,-35.0,-0.0105,3285.0,30.0,98550.0,2.0,,
AG9999,2015-11-06,3320.0,3320.0,3320.0,3320.0,-20.0,-0.006,3320.0,30.0,99600.0,2.0,,
IAU100G,2015-11-05,228.5,228.5,228.5,228.5,20.5,0.0986,228.5,0.0,45700.0,,,
AG9999,2015-11-05,3340.0,3340.0,3340.0,3340.0,-30.0,-0.0089,3340.0,30.0,100200.0,2.0,,
IAU100G,2015-11-04,208.01,208.01,208.0,208.0,-31.3,-0.1308,208.0,0.0,83202.0,,,
AG9999,2015-11-03,3370.0,3370.0,3370.0,3370.0,-28.0,-0.0082,3370.0,30.0,101100.0,2.0,,
AG9999,2015-10-30,3400.0,3400.0,3398.0,3398.0,-32.0,-0.0093,3398.0,2160.0,7339740.0,144.0,,
AG9999,2015-10-28,3430.0,3430.0,3430.0,3430.0,27.0,0.0079,3430.0,150.0,514500.0,10.0,,
AG9999,2015-10-27,3405.0,3405.0,3402.0,3403.0,-30.0,-0.0087,3403.0,60.0,204210.0,4.0,,
AG9999,2015-10-26,3420.0,3455.0,3395.0,3401.0,-19.0,-0.0056,3433.0,29580.0,101555520.0,1972.0,,
IAU100G,2015-10-23,239.3,239.3,239.3,239.3,0.3,0.0013,239.3,0.0,95720.0,,,
AG9999,2015-10-23,3419.0,3440.0,3419.0,3420.0,115.0,0.0348,3420.0,690.0,2360370.0,46.0,,
IAU100G,2015-10-20,239.0,239.0,239.0,239.0,2.0,0.0084,239.0,0.0,47800.0,,,
IAU100G,2015-10-14,237.0,237.0,237.0,237.0,-3.0,-0.0125,237.0,0.0,47400.0,,,
IAU100G,2015-10-12,240.0,240.0,240.0,240.0,7.0,0.03,240.0,0.0,48000.0,,,
IAU100G,2015-10-09,234.0,234.0,232.0,233.0,21.0,0.0991,233.0,0.0,93200.0,,,
IAU100G,2015-09-30,236.0,236.0,200.0,212.0,-24.4,-0.1032,212.0,1.0,127200.0,,,
AG9999,2015-09-29,3340.0,3340.0,3215.0,3288.0,-66.0,-0.0197,3305.0,19200.0,63473310.0,1280.0,,
AG9999,2015-09-28,3364.0,3364.0,3343.0,3354.0,-25.0,-0.0074,3354.0,2400.0,8049600.0,160.0,,
IAU100G,2015-09-25,236.4,236.4,236.4,236.4,-2.6,-0.0109,236.4,0.0,94560.0,,,
AG9999,2015-09-25,3375.0,3388.0,3365.0,3367.0,-3.0,-0.0009,3379.0,12990.0,43899210.0,866.0,,
AG9999,2015-09-24,3370.0,3395.0,3333.0,3333.0,12.0,0.0036,3370.0,29100.0,98084790.0,1940.0,,
AG9999,2015-09-23,3320.0,3325.0,3320.0,3321.0,-71.0,-0.0209,3321.0,690.0,2291820.0,46.0,,
AG9999,2015-09-22,3395.0,3410.0,3350.0,3363.0,-28.0,-0.0083,3392.0,26130.0,88636440.0,1742.0,,
AG9999,2015-09-21,3383.0,3410.0,3370.0,3371.0,-4.0,-0.0012,3391.0,24000.0,81396000.0,1600.0,,
AG9999,2015-09-18,3375.0,3375.0,3375.0,3375.0,35.0,0.0105,3375.0,1020.0,3442500.0,68.0,,
AG9999,2015-09-17,3340.0,3340.0,3340.0,3340.0,71.0,0.0217,3340.0,1950.0,6513000.0,130.0,,
AG9999,2015-09-16,3265.0,3270.0,3265.0,3269.0,-14.0,-0.0043,3269.0,2970.0,9711150.0,198.0,,
AG9999,2015-09-15,3294.0,3294.0,3265.0,3265.0,-29.0,-0.0088,3283.0,8910.0,29254350.0,594.0,,
AG9999,2015-09-14,3294.0,3294.0,3294.0,3294.0,-1.0,-0.0003,3294.0,630.0,2075220.0,42.0,,
AG9999,2015-09-10,3295.0,3295.0,3295.0,3295.0,21.0,0.0064,3295.0,360.0,1186200.0,24.0,,
AG9999,2015-09-08,3280.0,3280.0,3270.0,3274.0,-60.0,-0.018,3274.0,1230.0,4028100.0,82.0,,
AG9999,2015-09-01,3334.0,3334.0,3334.0,3334.0,94.0,0.029,3334.0,2160.0,7201440.0,144.0,,
AG9999,2015-08-27,3240.0,3240.0,3240.0,3240.0,-103.0,-0.0308,3240.0,360.0,1166400.0,24.0,,
AG9999,2015-08-26,3375.0,3375.0,3328.0,3332.0,-116.0,-0.0336,3343.0,41550.0,138916320.0,2770.0,,
IAU100G,2015-08-25,239.0,239.0,239.0,239.0,-1.12,-0.0047,239.0,0.0,47800.0,,,
IAU100G,2015-08-21,236.6,241.0,236.6,240.12,10.12,0.044,240.12,1.0,240120.0,,,
AG9999,2015-08-17,3441.0,3470.0,3415.0,3419.0,-7.0,-0.002,3448.0,22560.0,77800800.0,1504.0,,
IAU100G,2015-08-14,230.0,230.0,230.0,230.0,11.25,0.0514,230.0,0.0,46000.0,,,
AG9999,2015-08-12,3388.0,3490.0,3388.0,3441.0,120.0,0.0361,3426.0,12450.0,42656850.0,830.0,,
AG9999,2015-08-11,3305.0,3340.0,3305.0,3329.0,122.0,0.038,3321.0,12450.0,41357400.0,830.0,,
AG9999,2015-08-07,3210.0,3218.0,3185.0,3185.0,-7.0,-0.0022,3207.0,10680.0,34257240.0,712.0,,
IAU100G,2015-08-06,218.75,218.75,218.75,218.75,0.12,0.0006,218.75,0.0,87500.0,,,
AG9999,2015-08-06,3192.0,3192.0,3192.0,3192.0,-26.0,-0.0081,3192.0,150.0,478800.0,10.0,,
AG9999,2015-08-03,3224.0,3224.0,3204.0,3218.0,-1.0,-0.0003,3218.0,5400.0,17380800.0,360.0,,
AG9999,2015-07-31,3212.0,3229.0,3195.0,3219.0,7.0,0.0022,3219.0,8070.0,25979730.0,538.0,,
IAU100G,2015-07-29,218.63,218.63,218.63,218.63,0.44,0.002,218.63,0.0,87452.0,,,
AG9999,2015-07-29,3208.0,3219.0,3208.0,3212.0,4.0,0.0013,3212.0,4950.0,15902550.0,330.0,,
IAU100G,2015-07-28,218.19,218.19,218.19,218.19,-1.61,-0.0073,218.19,1.0,218190.0,,,
AG9999,2015-07-28,3208.0,3208.0,3208.0,3208.0,-6.0,-0.0019,3208.0,2220.0,7121760.0,148.0,,
AG9999,2015-07-27,3214.0,3214.0,3214.0,3214.0,6.0,0.0019,3214.0,1860.0,5978040.0,124.0,,
IAU100G,2015-07-23,219.8,219.8,219.8,219.8,-10.2,-0.0444,219.8,0.0,87920.0,,,
AG9999,2015-07-20,3208.0,3208.0,3208.0,3208.0,-70.0,-0.0214,3208.0,570.0,1828560.0,38.0,,
AG9999,2015-07-17,3278.0,3278.0,3278.0,3278.0,-20.0,-0.0061,3278.0,360.0,1180080.0,24.0,,
AG9999,2015-07-16,3280.0,3308.0,3268.0,3308.0,-41.0,-0.0122,3298.0,31500.0,103905300.0,2100.0,,
IAU100G,2015-07-15,230.0,230.0,230.0,230.0,1.0,0.0044,230.0,0.0,46000.0,,,
IAU100G,2015-07-13,229.0,229.0,229.0,229.0,-1.6,-0.0069,229.0,0.0,45800.0,,,
AG9999,2015-07-13,3364.0,3364.0,3335.0,3349.0,61.0,0.0186,3349.0,1260.0,4220370.0,84.0,,
IAU100G,2015-07-10,230.6,230.6,230.6,230.6,-0.4,-0.0017,230.6,2.0,507320.0,,,
AG9999,2015-07-09,3288.0,3288.0,3288.0,3288.0,26.0,0.008,3288.0,3720.0,12231360.0,248.0,,
IAU100G,2015-07-08,231.0,231.0,231.0,231.0,-4.0,-0.017,231.0,0.0,46200.0,,,
AG9999,2015-07-08,3260.0,3295.0,3224.0,3224.0,-182.0,-0.0534,3262.0,49110.0,160241400.0,3274.0,,
AG9999,2015-07-07,3406.0,3406.0,3406.0,3406.0,17.0,0.005,3406.0,150.0,510900.0,10.0,,
AG9999,2015-07-06,3416.0,3418.0,3100.0,3389.0,-27.0,-0.0079,3389.0,360.0,1220340.0,24.0,,
AG9999,2015-07-03,3417.0,3417.0,3415.0,3416.0,-25.0,-0.0073,3416.0,5280.0,18038160.0,352.0,,
AG9999,2015-07-01,3436.0,3470.0,3410.0,3418.0,-10.0,-0.0029,3441.0,23520.0,80944860.0,1568.0,,
AG9999,2015-06-30,3415.0,3450.0,3400.0,3436.0,-15.0,-0.0044,3428.0,22680.0,77758650.0,1512.0,,
AG9999,2015-06-29,3448.0,3454.0,3448.0,3451.0,11.0,0.0032,3451.0,4470.0,15430380.0,298.0,,
AG9999,2015-06-26,3442.0,3442.0,3435.0,3438.0,-72.0,-0.0205,3440.0,6750.0,23220270.0,450.0,,
AG9999,2015-06-19,3510.0,3510.0,3510.0,3510.0,-14.0,-0.004,3510.0,330.0,1158300.0,22.0,,
AG9999,2015-06-18,3505.0,3530.0,3505.0,3524.0,39.0,0.0112,3524.0,9000.0,31717500.0,600.0,,
AG9999,2015-06-17,3485.0,3485.0,3485.0,3485.0,-37.0,-0.0105,3485.0,60.0,209100.0,4.0,,
AG9999,2015-06-16,3515.0,3524.0,3515.0,3522.0,13.0,0.0037,3522.0,6000.0,21135900.0,400.0,,
AG9999,2015-06-15,3500.0,3513.0,3500.0,3509.0,22.0,0.0063,3509.0,7260.0,25476780.0,484.0,,
AG9999,2015-06-12,3490.0,3490.0,3483.0,3487.0,-8.0,-0.0023,3487.0,5550.0,19357440.0,370.0,,
IAU100G,2015-06-11,235.0,235.0,235.0,235.0,-0.61,-0.0026,235.0,0.0,47000.0,,,
AG9999,2015-06-11,3495.0,3495.0,3495.0,3495.0,32.0,0.0092,3495.0,6420.0,22437900.0,428.0,,
AG9999,2015-06-10,3480.0,3510.0,3395.0,3455.0,-35.0,-0.01,3463.0,14190.0,49146600.0,946.0,,
AG9999,2015-06-09,3490.0,3490.0,3490.0,3490.0,-11.0,-0.0031,3490.0,4050.0,14134500.0,270.0,,
AG9999,2015-06-08,3495.0,3504.0,3495.0,3501.0,-6.0,-0.0017,3501.0,7110.0,24894630.0,474.0,,
IAU100G,2015-06-05,235.61,235.61,235.61,235.61,1.61,0.0069,235.61,0.0,47122.0,,,
AG9999,2015-06-05,3510.0,3510.0,3500.0,3507.0,-60.0,-0.0168,3507.0,2160.0,7577040.0,144.0,,
IAU100G,2015-06-04,234.0,234.0,234.0,234.0,-7.0,-0.0291,234.0,0.0,93600.0,,,
AG9999,2015-06-04,3569.0,3569.0,3555.0,3567.0,-42.0,-0.0116,3567.0,2250.0,8027310.0,150.0,,
AG9999,2015-06-03,3609.0,3609.0,3609.0,3609.0,27.0,0.0075,3609.0,570.0,2057130.0,38.0,,
AG9999,2015-06-01,3578.0,3584.0,3578.0,3582.0,-7.0,-0.002,3582.0,3690.0,13220760.0,246.0,,
AG9999,2015-05-29,3593.0,3593.0,3575.0,3589.0,-12.0,-0.0033,3589.0,4530.0,16260750.0,302.0,,
AG9999,2015-05-28,3597.0,3604.0,3597.0,3601.0,4.0,0.0011,3601.0,5010.0,18045540.0,334.0,,
AG9999,2015-05-27,3597.0,3597.0,3597.0,3597.0,-15.0,-0.0042,3597.0,90.0,323730.0,6.0,,
IAU100G,2015-05-26,241.0,241.0,241.0,241.0,0.0,0.0,241.0,0.0,48200.0,,,
AG9999,2015-05-26,3612.0,3612.0,3612.0,3612.0,-18.0,-0.005,3612.0,2790.0,10077480.0,186.0,,
AG9999,2015-05-22,3649.0,3649.0,3600.0,3630.0,-20.0,-0.0055,3630.0,3960.0,14378220.0,264.0,,
AG9999,2015-05-21,3650.0,3650.0,3650.0,3650.0,17.0,0.0047,3650.0,420.0,1533000.0,28.0,,
AG9999,2015-05-20,3625.0,3634.0,3625.0,3633.0,-95.0,-0.0255,3633.0,3720.0,13515540.0,248.0,,
AG9999,2015-05-19,3800.0,3800.0,3710.0,3724.0,-54.0,-0.0143,3728.0,13260.0,49433400.0,884.0,,
AG9999,2015-05-18,3775.0,3784.0,3760.0,3778.0,93.0,0.0252,3778.0,7470.0,28224900.0,498.0,,
AG9999,2015-05-14,3680.0,3689.0,3680.0,3685.0,143.0,0.0404,3685.0,6540.0,24101760.0,436.0,,
AG9999,2015-05-13,3479.0,3605.0,3479.0,3542.0,-2.0,-0.0006,3542.0,1500.0,5313000.0,100.0,,
AG9999,2015-05-12,3544.0,3544.0,3544.0,3544.0,-16.0,-0.0045,3544.0,990.0,3508560.0,66.0,,
AG9999,2015-05-08,3560.0,3560.0,3560.0,3560.0,-19.0,-0.0053,3560.0,210.0,747600.0,14.0,,
AG9999,2015-05-07,3579.0,3579.0,3579.0,3579.0,0.0,0.0,3579.0,3570.0,12777030.0,238.0,,
AG9999,2015-05-06,3581.0,3594.0,3493.0,3579.0,-2.0,-0.0006,3579.0,1470.0,5261820.0,98.0,,
AG9999,2015-05-05,3575.0,3584.0,3575.0,3581.0,10.0,0.0028,3581.0,3660.0,13109340.0,244.0,,
AG9999,2015-05-04,3525.0,3600.0,3525.0,3547.0,92.0,0.0266,3571.0,19140.0,68359350.0,1276.0,,
IAU100G,2015-04-30,241.0,241.0,241.0,241.0,3.25,0.0137,241.0,1.0,241000.0,,,
IAU100G,2015-04-29,244.5,244.5,231.0,237.75,-5.25,-0.0216,237.75,0.0,95100.0,,,
AG9999,2015-04-27,3455.0,3455.0,3455.0,3455.0,-9.0,-0.0026,3455.0,90.0,310950.0,6.0,,
AG9999,2015-04-23,3464.0,3464.0,3464.0,3464.0,-35.0,-0.01,3464.0,1260.0,4364640.0,84.0,,
AG9999,2015-04-22,3499.0,3499.0,3499.0,3499.0,-31.0,-0.0088,3499.0,840.0,2939160.0,56.0,,
IAU100G,2015-04-17,243.0,243.0,243.0,243.0,3.8,0.0159,243.0,0.0,48600.0,,,
AG9999,2015-04-16,3510.0,3539.0,3510.0,3539.0,32.0,0.0091,3530.0,39000.0,137691000.0,2600.0,,
IAU100G,2015-04-15,239.2,239.2,239.2,239.2,1.2,0.005,239.2,0.0,47840.0,,,
AG9999,2015-04-15,3498.0,3509.0,3498.0,3507.0,9.0,0.0026,3507.0,10350.0,36298950.0,690.0,,
AG9999,2015-04-14,3490.0,3499.0,3490.0,3498.0,-40.0,-0.0113,3498.0,6120.0,21412800.0,408.0,,
AG9999,2015-04-13,3535.0,3539.0,3535.0,3538.0,88.0,0.0255,3538.0,7500.0,26536500.0,500.0,,
AG9999,2015-04-10,3450.0,3450.0,3450.0,3450.0,-43.0,-0.0123,3450.0,450.0,1552500.0,30.0,,
AG9999,2015-04-09,3493.0,3493.0,3493.0,3493.0,-78.0,-0.0218,3493.0,150.0,523950.0,10.0,,
AG9999,2015-04-08,3580.0,3580.0,3570.0,3571.0,7.0,0.002,3571.0,210.0,750000.0,14.0,,
AG9999,2015-04-01,3564.0,3564.0,3564.0,3564.0,-98.0,-0.0268,3564.0,300.0,1069200.0,20.0,,
IAU100G,2015-03-30,238.0,238.0,238.0,238.0,0.0,0.0,238.0,0.0,95200.0,,,
AG9999,2015-03-27,3666.0,3666.0,3660.0,3662.0,22.0,0.006,3662.0,9000.0,32958000.0,600.0,,
AG9999,2015-03-26,3640.0,3640.0,3640.0,3640.0,-24.0,-0.0066,3640.0,1740.0,6333600.0,116.0,,
AG9999,2015-03-24,3655.0,3668.0,3655.0,3664.0,84.0,0.0235,3664.0,11820.0,43311660.0,788.0,,
IAU100G,2015-03-23,238.0,238.0,238.0,238.0,1.0,0.0042,238.0,0.0,47600.0,,,
AG9999,2015-03-23,3580.0,3580.0,3580.0,3580.0,95.0,0.0273,3580.0,150.0,537000.0,10.0,,
AG9999,2015-03-20,3485.0,3485.0,3485.0,3485.0,15.0,0.0043,3485.0,30.0,104550.0,2.0,,
AG9999,2015-03-16,3450.0,3478.0,3450.0,3472.0,37.0,0.0108,3470.0,12600.0,43730400.0,840.0,,
AG9999,2015-03-13,3440.0,3440.0,3400.0,3435.0,75.0,0.0223,3435.0,1470.0,5049600.0,98.0,,
AG9999,2015-03-12,3360.0,3360.0,3360.0,3360.0,-65.0,-0.019,3360.0,120.0,403200.0,8.0,,
IAU100G,2015-03-11,237.0,237.0,237.0,237.0,-0.89,-0.0037,237.0,1.0,142200.0,,,
AG9999,2015-03-11,3425.0,3425.0,3425.0,3425.0,-25.0,-0.0073,3425.0,600.0,2055000.0,40.0,,
AG9999,2015-03-10,3454.0,3454.0,3438.0,3450.0,-50.0,-0.0143,3450.0,2550.0,8797620.0,170.0,,
IAU100G,2015-03-09,238.08,238.08,237.7,237.89,-8.11,-0.033,237.89,0.0,95156.0,,,
AG9999,2015-03-06,3500.0,3500.0,3500.0,3500.0,-39.0,-0.011,3500.0,60.0,210000.0,4.0,,
AG9999,2015-03-05,3539.0,3539.0,3539.0,3539.0,-101.0,-0.0278,3539.0,810.0,2866590.0,54.0,,
IAU100G,2015-03-03,246.0,246.0,246.0,246.0,-7.0,-0.0277,246.0,0.0,49200.0,,,
AG9999,2015-03-02,3600.0,3645.0,3600.0,3640.0,10.0,0.0028,3640.0,12870.0,46850400.0,858.0,,
AG9999,2015-02-26,3630.0,3630.0,3630.0,3630.0,80.0,0.0225,3630.0,2160.0,7840800.0,144.0,,
AG9999,2015-02-12,3550.0,3550.0,3550.0,3550.0,-29.0,-0.0081,3550.0,60.0,213000.0,4.0,,
AG9999,2015-02-09,3579.0,3579.0,3579.0,3579.0,-46.0,-0.0127,3579.0,1140.0,4080060.0,76.0,,
AG9999,2015-02-06,3625.0,3625.0,3625.0,3625.0,-15.0,-0.0041,3625.0,210.0,761250.0,14.0,,
IAU100G,2015-02-04,253.0,253.0,253.0,253.0,0.0,0.0,253.0,1.0,253000.0,,,
AG9999,2015-02-03,3640.0,3640.0,3640.0,3640.0,-4.0,-0.0011,3640.0,480.0,1747200.0,32.0,,
AG9999,2015-02-02,3644.0,3644.0,3644.0,3644.0,53.0,0.0148,3644.0,300.0,1093200.0,20.0,,
IAU100G,2015-01-30,253.0,253.0,253.0,253.0,-4.0,-0.0156,253.0,0.0,101200.0,,,
AG9999,2015-01-30,3580.0,3598.0,3580.0,3591.0,-205.0,-0.054,3591.0,870.0,3124860.0,58.0,,
AG9999,2015-01-28,3796.0,3796.0,3796.0,3796.0,18.0,0.0048,3796.0,180.0,683280.0,12.0,,
IAU100G,2015-01-27,257.5,257.5,255.0,257.0,-2.8,-0.0108,257.25,2.0,514500.0,,,
AG9999,2015-01-27,3778.0,3778.0,3778.0,3778.0,-89.0,-0.023,3778.0,300.0,1133400.0,20.0,,
IAU100G,2015-01-26,259.3,260.0,259.3,259.8,1.8,0.007,259.71,1.0,311660.0,,,
AG9999,2015-01-26,3850.0,3878.0,3850.0,3867.0,46.0,0.012,3867.0,6210.0,24017580.0,414.0,,
IAU100G,2015-01-23,258.0,258.0,258.0,258.0,-2.5,-0.0096,258.0,1.0,154800.0,,,
AG9999,2015-01-23,3825.0,3825.0,3815.0,3821.0,4.0,0.0011,3821.0,90.0,343950.0,6.0,,
IAU100G,2015-01-22,260.5,260.5,260.5,260.5,2.4,0.0093,260.5,0.0,52100.0,,,
AG9999,2015-01-22,3817.0,3817.0,3817.0,3817.0,-23.0,-0.006,3817.0,330.0,1259610.0,22.0,,
IAU100G,2015-01-21,257.0,259.5,257.0,258.1,4.1,0.0161,257.91,1.0,309500.0,,,
AG9999,2015-01-21,3820.0,3845.0,3820.0,3840.0,101.0,0.027,3840.0,6210.0,23850450.0,414.0,,
IAU100G,2015-01-20,254.0,254.0,254.0,254.0,5.0,0.0201,254.0,0.0,50800.0,,,
AG9999,2015-01-20,3739.0,3739.0,3739.0,3739.0,150.0,0.0418,3739.0,360.0,1346040.0,24.0,,
IAU100G,2015-01-16,249.0,249.0,249.0,249.0,9.5,0.0397,249.0,0.0,49800.0,,,
AG9999,2015-01-16,3589.0,3589.0,3589.0,3589.0,33.0,0.0093,3589.0,540.0,1938060.0,36.0,,
AG9999,2015-01-15,3569.0,3569.0,3540.0,3556.0,-16.0,-0.0045,3556.0,270.0,960150.0,18.0,,
IAU100G,2015-01-14,247.0,247.0,232.0,239.5,-7.7,-0.0312,239.5,0.0,95800.0,,,
AG9999,2015-01-14,3588.0,3588.0,3550.0,3572.0,-7.0,-0.002,3572.0,660.0,2357820.0,44.0,,
IAU100G,2015-01-13,247.0,247.5,247.0,247.2,6.2,0.0257,247.2,1.0,148320.0,,,
AG9999,2015-01-13,3579.0,3579.0,3579.0,3579.0,74.0,0.0211,3579.0,150.0,536850.0,10.0,,
AG9999,2015-01-12,3505.0,3506.0,3501.0,3505.0,-11.0,-0.0031,3505.0,33000.0,115668000.0,2200.0,,
AG9999,2015-01-09,3500.0,3523.0,3500.0,3516.0,-44.0,-0.0124,3516.0,210.0,738450.0,14.0,,
IAU100G,2015-01-08,241.0,241.0,241.0,241.0,2.0,0.0084,241.0,1.0,144600.0,,,
AG9999,2015-01-08,3530.0,3570.0,3530.0,3570.0,9.0,0.0025,3560.0,13890.0,49461300.0,926.0,,
AG9999,2015-01-07,3530.0,3575.0,3530.0,3563.0,56.0,0.016,3561.0,11100.0,39529500.0,740.0,,
AG9999,2015-01-06,3474.0,3520.0,3473.0,3495.0,19.0,0.0055,3507.0,10770.0,37778100.0,718.0,,
AG9999,2015-01-05,3475.0,3490.0,3454.0,3485.0,2.0,0.0006,3476.0,12480.0,43387470.0,832.0,,
